{
    "experiment_name": "Experiment_A",
    "created_at": "2026-04-30 09:04:22",
    "description": "laminar to complex",
    "domain": {
        "dimension": 2,
        "geometry": "periodic square domain",
        "L_x": 6.283185307179586,
        "L_y": 6.283185307179586,
        "N_x": 256,
        "N_y": 256,
        "del_x": 0.02454369260617026,
        "del_y": 0.02454369260617026,
        "dx": 0.02454369260617026,
        "grid_points": 65536
    },
    "physical_parameters": {
        "epsilon": 0.07363107781851078,
        "epsilon_definition": "epsilon = 3 * dx",
        "nu": 0.03,
        "alpha": 0.0,
        "M": 0.0004,
        "sigma": 1.0
    },
    "forcing": {
        "f_0": 4.0,
        "k_f": 3,
        "definition": "f_w = f_0 * k_f * (np.cos(k_f * X) + np.cos(k_f * Y))"
    },
    "time_stepping": {
        "T": 5.0,
        "N_t": 2500,
        "delta_t": 0.002,
        "save_every": 100,
        "number_of_saved_snapshots": 26
    }
}